{
  "codes\\attention_residuals.py": 1776798191.4958453,
  "codes\\benchmark.py": 1776798191.4968452,
  "codes\\combined_model.py": 1776798191.497845,
  "codes\\engram.py": 1776798191.497845,
  "codes\\test_attention_residuals.py": 1776798191.498845,
  "codes\\test_combined.py": 1776798191.498845,
  "codes\\test_engram.py": 1776798191.498845,
  "README.md": 1776798191.493845,
  "CLAUDE.md": 1776798814.2144942,
  "overview.md": 1776798191.499845,
  "codes\\overview.md": 1776798191.498845,
  "papers\\Attention_Residuals.pdf": 1776798508.2992635,
  "papers\\Engram.pdf": 1774379077.177899,
  "codes\\benchmark_chart.png": 1776798191.4968452
}