{
  "codes\\attention_residuals.py": 1776798191.4958453,
  "codes\\benchmark.py": 1776798191.4968452,
  "codes\\combined_model.py": 1776798191.497845,
  "codes\\engram.py": 1776798191.497845,
  "codes\\test_attention_residuals.py": 1776798191.498845,
  "codes\\test_combined.py": 1776798191.498845,
  "codes\\test_engram.py": 1776798191.498845,
  "AGENTS.md": 1776801928.8175058,
  "CLAUDE.md": 1776801891.3469005,
  "README.md": 1776798191.493845,
  "codes_moe\\PLAN.md": 1776801618.2536073,
  "graphify-out\\graph.html": 1776813354.5252864,
  "graphify-out\\GRAPH_REPORT.md": 1776813349.7891324,
  "overview.md": 1776798191.499845,
  "codes\\overview.md": 1776798191.498845,
  "papers\\Attention_Residuals.pdf": 1776798508.2992635,
  "papers\\Engram.pdf": 1774379077.177899,
  "test_data\\Asimov_the_foundation.pdf": 1773183838.9779425,
  "codes\\benchmark_chart.png": 1776798191.4968452
}